"id","first_name","last_name","email","password"
"1","John","Doe","john.doe@example.com","password123"
"2","Jane","Doe","jane.doe@example.com","password123"
"3","Michael","Smith","michael.smith@example.com","password123"
"4","Emily","Jones","emily.jones@example.com","password123"
"5","David","Johnson","david.johnson@example.com","password123"
"6","Laura","Williams","laura.williams@example.com","password123"
"7","Daniel","Brown","daniel.brown@example.com","password123"
"8","Sarah","Davis","sarah.davis@example.com","password123"
"9","Andrew","Miller","andrew.miller@example.com","password123"
"10","Jessica","Garcia","jessica.garcia@example.com","password123"
"11","Steven","Martinez","steven.martinez@example.com","password123"
"12","Rebecca","Robinson","rebecca.robinson@example.com","password123"
"13","Mark","Clark","mark.clark@example.com","password123"
"14","Linda","Rodriguez","linda.rodriguez@example.com","password123"
"15","Robert","Lewis","robert.lewis@example.com","password123"
"16","Olivia","Lee","olivia.lee@example.com","password123"
"17","James","Walker","james.walker@example.com","password123"
"18","Sophia","Hall","sophia.hall@example.com","password123"
"19","Benjamin","Allen","benjamin.allen@example.com","password123"
"20","Ella","Young","ella.young@example.com","password123"